basDt,srtnCd,isinCd,itmsNm,mrktCtg,clpr,vs,fltRt,mkp,hipr,lopr,trqu,trPrc,lstgStCnt,mrktTotAmt
20250616,900110,HK0000057197,이스트아시아홀딩스,KOSDAQ,55,-3,-5.17,59,59,54,27358015,1520283963,642650588,35345782340
20250616,900270,HK0000214814,헝셩그룹,KOSDAQ,237,-2,-.84,239,239,227,2781865,646934867,176282336,41778913632
20250616,900260,HK0000295359,로스웰,KOSDAQ,669,9,1.36,660,674,650,140576,93183099,36031288,24104931672
20250616,900290,HK0000307485,GRT,KOSDAQ,2930,-105,-3.46,3000,3025,2925,473278,1400532409,80850000,236890500000
20250616,900300,HK0000312568,오가닉티코스메틱,KOSDAQ,429,-16,-3.6,450,453,428,1044450,455572327,96002224,41184954096
20250616,900310,HK0000341732,컬러레이,KOSDAQ,783,-16,-2,795,809,773,37241,29472395,64041675,50144631525
20250616,900340,HK0000449303,윙입푸드,KOSDAQ,1267,-28,-2.16,1281,1295,1248,162507,204671138,50330928,63769285776
20250616,000020,KR7000020008,동화약품,KOSPI,6540,10,.15,6530,6700,6500,124479,815884635,27931470,182671813800
20250616,000040,KR7000040006,KR모터스,KOSPI,429,-12,-2.72,437,442,426,332337,142943615,60132868,25797000372
20250616,000050,KR7000050005,경방,KOSPI,8170,-80,-.97,8250,8270,7860,322854,2593918380,27415270,223982755900
20250616,000070,KR7000070003,삼양홀딩스,KOSPI,90800,4700,5.46,85900,90800,84800,107359,9542617400,8689762,789030389600
20250616,000075,KR7000071001,삼양홀딩스우,KOSPI,88800,4600,5.46,84500,88900,84500,1088,95176100,178567,15856749600
20250616,000080,KR7000080002,하이트진로,KOSPI,19880,-70,-.35,19910,19930,19660,118816,2353833305,70133611,1394256186680
20250616,000087,KR7000082008,하이트진로2우B,KOSPI,15800,0,0,15800,15900,15710,1082,17066230,1130138,17856180400
20250616,000100,KR7000100008,유한양행,KOSPI,106300,-200,-.19,106400,108300,105700,269720,28721345700,79968437,8500644853100
20250616,000105,KR7000101006,유한양행우,KOSPI,97000,200,.21,96400,98100,96100,3996,387852200,1180940,114551180000
20250616,000120,KR7000120006,CJ대한통운,KOSPI,84300,-800,-.94,84500,85800,83500,60652,5093906700,22812344,1923080599200
20250616,000140,KR7000140004,하이트진로홀딩스,KOSPI,11010,110,1.01,10900,11120,10660,105853,1159291605,23206765,255506482650
20250616,000145,KR7000141002,하이트진로홀딩스우,KOSPI,13540,-140,-1.02,13050,13540,12960,4905,64837330,470810,6374767400
20250616,000150,KR7000150003,두산,KOSPI,599000,30000,5.27,566000,607000,564000,166406,98544324000,16523835,9897777165000
20250616,000155,KR7000151001,두산우,KOSPI,446500,7500,1.71,437000,458500,431000,72130,32224996000,3996462,1784420283000
20250616,000157,KR7000152009,두산2우B,KOSPI,543000,-2000,-.37,542000,570000,530000,11217,6184846000,893038,484919634000
20250616,000180,KR7000180000,성창기업지주,KOSPI,1718,36,2.14,1683,1720,1680,65735,111433612,69751600,119833248800
20250616,000210,KR7000210005,DL,KOSPI,46100,1800,4.06,44500,46650,43650,132717,6046111025,20955884,966066252400
20250616,000215,KR7000211003,DL우,KOSPI,24200,1100,4.76,23550,24650,23200,14511,349823475,1686115,40803983000
20250616,000220,KR7000220004,유유제약,KOSPI,4565,0,0,4565,4575,4495,38318,174244585,17032351,77752682315
20250616,000225,KR7000221002,유유제약1우,KOSPI,4960,-35,-.7,5030,5030,4885,4529,22319845,2266930,11243972800
20250616,000227,KR7000222000,유유제약2우B,KOSPI,10650,-10,-.09,10350,10700,10350,849,8842840,325560,3467214000
20250616,000230,KR7000230003,일동홀딩스,KOSPI,6830,20,.29,6750,6930,6710,31571,214882050,11540400,78820932000
20250616,000240,KR7000240002,한국앤컴퍼니,KOSPI,18820,440,2.39,18430,18820,18020,145001,2675700195,94935240,1786681216800
20250616,000250,KR7000250001,삼천당제약,KOSDAQ,162000,600,.37,161500,166300,158800,154427,24988780600,23457472,3800110464000
20250616,000270,KR7000270009,기아,KOSPI,97500,300,.31,96500,97900,95100,809768,78346422400,397672632,38773081620000
20250616,000300,KR7000300004,DH오토넥스,KOSPI,1984,0,0,0,0,0,0,0,82129188,162944308992
20250616,000320,KR7000320002,노루홀딩스,KOSPI,21950,800,3.78,21350,22450,20000,429890,9121633000,13291151,291740764450
20250616,000325,KR7000321000,노루홀딩스우,KOSPI,37950,2950,8.43,36500,39500,34900,13036,495591900,243559,9243064050
20250616,000370,KR7000370007,한화손해보험,KOSPI,5690,180,3.27,5510,5700,5380,519802,2886251690,116738915,664244426350
20250616,000390,KR7000390005,삼화페인트,KOSPI,6150,10,.16,6130,6160,6050,20813,127047285,27203469,167301334350
20250616,000400,KR7000400002,롯데손해보험,KOSPI,1675,-24,-1.41,1689,1693,1668,219217,367019114,310336320,519813336000
20250616,000430,KR7000430009,대원강업,KOSPI,3770,5,.13,3770,3780,3715,59042,221626205,62000000,233740000000
20250616,000440,KR7000440008,중앙에너비스,KOSDAQ,21800,0,0,24500,26250,20850,1119411,26344815350,6227130,135751434000
20250616,000480,KR7000480004,CR홀딩스,KOSPI,5500,10,.18,5490,5510,5380,21170,115186750,46890490,257897695000
20250616,000490,KR7000490003,대동,KOSPI,10920,210,1.96,10580,11170,10500,170606,1849470100,25654140,280143208800
20250616,000500,KR7000500009,가온전선,KOSPI,65200,-700,-1.06,64300,65300,62600,124903,8024576050,16543115,1078611098000
20250616,000520,KR7000520007,삼일제약,KOSPI,10570,110,1.05,10360,10620,10320,170608,1780397510,21691811,229282442270
20250616,000540,KR7000540005,흥국화재,KOSPI,4470,35,.79,4500,4500,4305,155646,682945449,64242645,287164623150
20250616,000545,KR7000541003,흥국화재우,KOSPI,7640,30,.39,7620,7640,7430,20473,153771640,768000,5867520000
20250616,000590,KR7000590000,CS홀딩스,KOSPI,92300,-100,-.11,91700,93100,91500,1132,104679050,1154482,106558688600
20250616,000640,KR7000640003,동아쏘시오홀딩스,KOSPI,118700,-900,-.75,119100,119600,115200,19474,2285093500,6536434,775874715800
20250616,000650,KR7000650002,천일고속,KOSPI,41500,-250,-.6,41750,42950,41000,383,15952300,1429220,59312630000
20250616,000660,KR7000660001,SK하이닉스,KOSPI,248000,12500,5.31,238000,248500,238000,3760740,919187630141,728002365,180544586520000
20250616,000670,KR7000670000,영풍,KOSPI,42550,800,1.92,42550,42750,40250,34393,1436804250,19108450,813064547500
20250616,000680,KR7000680009,LS네트웍스,KOSPI,3850,125,3.36,3695,3855,3645,389351,1473702492,78803016,303391611600
20250616,000700,KR7000700005,유수홀딩스,KOSPI,6180,110,1.81,6070,6240,6060,31141,192346835,26041812,160938398160
20250616,000720,KR7000720003,현대건설,KOSPI,79100,5500,7.47,74200,79600,74200,2039467,157559087250,111355765,8808241011500
20250616,000725,KR7000721001,현대건설우,KOSPI,70700,1800,2.61,69100,71000,68300,30266,2120632800,1054693,74566795100
20250616,000760,KR7000760009,이화산업,KOSPI,13190,110,.84,13080,13290,13010,1673,22066680,2800000,36932000000
20250616,000810,KR7000810002,삼성화재,KOSPI,444500,8000,1.83,443000,445500,431000,66222,29043833500,46011155,20451958397500
20250616,000815,KR7000811000,삼성화재우,KOSPI,325000,7500,2.36,317500,325000,317500,12094,3884593500,3099510,1007340750000
20250616,000850,KR7000850008,화천기공,KOSPI,32750,250,.77,32500,33350,32500,2956,97186250,2200000,72050000000
20250616,000860,KR7000860007,강남제비스코,KOSPI,12850,150,1.18,12600,12850,12510,32117,407891315,13000000,167050000000
20250616,000880,KR7000880005,한화,KOSPI,100600,11800,13.29,89200,101600,89100,1753339,169768221500,74958735,7540848741000
20250616,000885,KR7000881003,한화우,KOSPI,73700,6700,10,65200,73900,65200,8773,624555800,199033,14668732100
20250616,00088K,KR700088K015,한화3우B,KOSPI,42600,5100,13.6,37600,42650,37500,392969,15982975075,19404441,826629186600
20250616,000890,KR7000890004,보해양조,KOSPI,514,9,1.78,505,514,500,485204,246719244,139120129,71507746306
20250616,000910,KR7000910000,유니온,KOSPI,4835,40,.83,4795,4845,4735,104010,498595754,15611619,75482177865
20250616,000950,KR7000950006,전방,KOSPI,42350,4800,12.78,38450,48250,37900,76575,3265333175,1680000,71148000000
20250616,000970,KR7000970004,한국주철관,KOSPI,7320,80,1.1,7200,7360,7180,86828,633144245,22800500,166899660000
20250616,000990,KR7000990002,DB하이텍,KOSPI,43950,-100,-.23,43500,44050,42950,124782,5426718950,44398588,1951317942600
20250616,001000,KR7001000009,신라섬유,KOSDAQ,1768,-62,-3.39,1816,1880,1691,321152,574204559,24277540,42922690720
20250616,001020,KR7001020007,페이퍼코리아,KOSPI,712,-8,-1.11,712,726,711,18643,13341215,177983313,126724118856
20250616,001040,KR7001040005,CJ,KOSPI,153000,7000,4.79,146200,154300,145000,236136,35629327650,29176998,4464080694000
20250616,001045,KR7001041003,CJ우,KOSPI,85500,3500,4.27,82000,85500,81000,14687,1223307950,2260223,193249066500
20250616,00104K,KR700104K010,CJ4우(전환),KOSPI,124800,5100,4.26,120000,125100,119600,15071,1845873500,4226512,527468697600
20250616,001060,KR7001060003,JW중외제약,KOSPI,22300,-1100,-4.7,22500,22850,22100,110002,2461989700,23285930,519276239000
20250616,001065,KR7001061001,JW중외제약우,KOSPI,29400,-600,-2,30000,30000,29200,268,7889400,341951,10053359400
20250616,001067,KR7001062009,JW중외제약2우B,KOSPI,64900,-400,-.61,64000,64900,64000,55,3536200,209973,13627247700
20250616,001070,KR7001070002,대한방직,KOSPI,7120,-30,-.42,7150,7290,6900,43949,310001800,5300000,37736000000
20250616,001080,KR7001080001,만호제강,KOSPI,27600,-150,-.54,27750,28000,27550,560,15559050,4150000,114540000000
20250616,001120,KR7001120005,LX인터내셔널,KOSPI,30500,1450,4.99,29400,30900,29100,669470,20245619000,38760000,1182180000000
20250616,001130,KR7001130004,대한제분,KOSPI,155300,400,.26,154900,155300,151500,3149,484406000,1690000,262457000000
20250616,001140,KR7001140003,국보,KOSPI,2110,0,0,0,0,0,0,0,15856388,33456978680
20250616,001200,KR7001200005,유진투자증권,KOSPI,3575,50,1.42,3445,3575,3425,782116,2752248852,96866418,346297444350
20250616,001210,KR7001210004,금호전기,KOSPI,1125,1,.09,1124,1144,1110,338857,382331852,61553997,69248246625
20250616,001230,KR7001230002,동국홀딩스,KOSPI,8420,250,3.06,8170,8450,8120,120715,1011460695,31800483,267760066860
20250616,001250,KR7001250000,GS글로벌,KOSPI,2780,95,3.54,2755,2805,2725,1257013,3474538375,82533764,229443863920
20250616,001260,KR7001260009,남광토건,KOSPI,10660,-410,-3.7,11100,11240,10500,118685,1279157420,9832572,104815217520
20250616,001270,KR7001270008,부국증권,KOSPI,42350,150,.36,41500,42800,41350,28792,1217637675,10369886,439164672100
20250616,001275,KR7001271006,부국증권우,KOSPI,26500,550,2.12,26250,26500,26250,10751,282772350,3000000,79500000000
20250616,001290,KR7001290006,상상인증권,KOSPI,717,39,5.75,671,738,662,2861912,2033509916,108337120,77677715040
20250616,001340,KR7001340009,PKC,KOSPI,5890,320,5.75,5530,5900,5400,233929,1315446915,44918407,264569417230
20250616,001360,KR7001360007,삼성제약,KOSPI,1927,28,1.47,1905,1982,1898,1317258,2549346572,94162079,181450326233
20250616,001380,KR7001380005,SG글로벌,KOSPI,1759,-6,-.34,1765,1766,1730,233499,407834834,44964143,79091927537
20250616,001390,KR7001390004,KG케미칼,KOSPI,4705,185,4.09,4530,4710,4475,396300,1832268576,68469040,322146833200
20250616,001420,KR7001420009,태원물산,KOSPI,4055,-25,-.61,4070,4095,4020,2405,9702855,7600000,30818000000
20250616,001430,KR7001430008,세아베스틸지주,KOSPI,23250,400,1.75,22500,23500,22250,100860,2327196800,35862119,833794266750
20250616,001440,KR7001440007,대한전선,KOSPI,15940,0,0,15680,16020,15450,2631375,41448917490,186447300,2971969962000
20250616,001450,KR7001450006,현대해상,KOSPI,26350,-50,-.19,26600,26750,25700,677681,17678139175,89400000,2355690000000
20250616,001460,KR7001460005,BYC,KOSPI,39500,1800,4.77,37300,40600,37300,10423,404789400,6246150,246722925000
20250616,001465,KR7001461003,BYC우,KOSPI,20850,2980,16.68,18220,22700,17890,102395,2107705010,2153850,44907772500
20250616,001470,KR7001470004,삼부토건,KOSPI,347,0,0,0,0,0,0,0,229681824,79699592928
20250616,001500,KR7001500008,현대차증권,KOSPI,7620,50,.66,7560,7670,7420,615971,4657558605,61833044,471167795280
20250616,001510,KR7001510007,SK증권,KOSPI,654,14,2.19,635,655,630,4118826,2663343762,472590171,309073971834
20250616,001515,KR7001511005,SK증권우,KOSPI,2175,-45,-2.03,2175,2180,2155,33550,72950880,3912514,8509717950
20250616,001520,KR7001520006,동양,KOSPI,641,3,.47,638,643,627,370416,235370991,238684063,152996484383
20250616,001525,KR7001521004,동양우,KOSPI,4265,50,1.19,4195,4265,4195,675,2843600,617731,2634622715
20250616,001527,KR7001522002,동양2우B,KOSPI,8540,-60,-.7,8590,8590,8440,291,2473450,308569,2635179260
20250616,001530,KR7001530005,DI동일,KOSPI,37750,50,.13,36550,37900,36300,42671,1586162550,20334136,767613634000
20250616,001540,KR7001540004,안국약품,KOSDAQ,8000,120,1.52,7890,8020,7770,39695,313751870,13042420,104339360000
20250616,001550,KR7001550003,조비,KOSPI,15330,-280,-1.79,15530,15930,15160,169824,2621562595,5192239,79597023870
20250616,001560,KR7001560002,제일연마,KOSPI,10130,130,1.3,10000,10200,9740,17278,171482970,9900000,100287000000
20250616,001570,KR7001570001,금양,KOSPI,9900,0,0,0,0,0,0,0,63967196,633275240400
20250616,001620,KR7001620004,케이비아이동국실업,KOSPI,492,2,.41,490,493,484,124889,60746129,111293031,54756171252
20250616,001630,KR7001630003,종근당홀딩스,KOSPI,53900,800,1.51,52900,54500,52100,7216,383518300,5009861,270031507900
20250616,001680,KR7001680008,대상,KOSPI,21950,250,1.15,21750,22050,21550,88438,1928276850,34648025,760524148750
20250616,001685,KR7001681006,대상우,KOSPI,17220,380,2.26,16840,17280,16840,9120,154918185,1370223,23595240060
20250616,001720,KR7001720002,신영증권,KOSPI,117200,1200,1.03,116000,120300,115400,51158,6048278700,16440000,1926768000000
20250616,001740,KR7001740000,SK네트웍스,KOSPI,4305,-20,-.46,4325,4325,4245,377317,1619361170,221277902,952601368110
20250616,001750,KR7001750009,한양증권,KOSPI,17930,630,3.64,17120,17930,17120,53806,951371595,12728534,228222614620
20250616,001755,KR7001751007,한양증권우,KOSPI,17550,360,2.09,17190,17620,16630,5710,99483090,525000,9213750000
20250616,001770,KR7001770007,SHD,KOSPI,18000,110,.61,17890,18100,17560,3466,62287160,1214878,21867804000
20250616,001780,KR7001780006,알루코,KOSPI,2340,-10,-.43,2330,2355,2300,319494,745755350,96830132,226582508880
20250616,001790,KR7001790005,대한제당,KOSPI,2955,15,.51,2980,3000,2935,1223642,3627234069,89696580,265053393900
20250616,001795,KR7001791003,대한제당우,KOSPI,2510,35,1.41,2475,2525,2465,160318,398366001,6482760,16271727600
20250616,001800,KR7001800002,오리온홀딩스,KOSPI,22000,750,3.53,21050,22100,21050,225858,4916024175,62645422,1378199284000
20250616,001810,KR7001810001,무림SP,KOSDAQ,1727,33,1.95,1676,1731,1676,16622,28507847,22137500,38231462500
20250616,001820,KR7001820000,삼화콘덴서,KOSPI,25750,0,0,25750,26000,25000,44960,1144328925,10395000,267671250000
20250616,001840,KR7001840008,이화공영,KOSDAQ,1616,0,0,0,0,0,0,0,22283636,36010355776
20250616,001940,KR7001940006,KISCO홀딩스,KOSPI,26650,650,2.5,25950,27050,25500,35131,932003850,14176380,377800527000
20250616,002020,KR7002020006,코오롱,KOSPI,39600,5300,15.45,33650,39750,33650,953789,36377934975,12626426,500006469600
20250616,002025,KR7002021004,코오롱우,KOSPI,20050,2180,12.2,18080,21000,17810,110091,2183283985,1076390,21581619500
20250616,002030,KR7002030005,아세아,KOSPI,309500,8000,2.65,302000,311500,299000,4306,1320491250,2084140,645041330000
20250616,002070,KR7002070001,비비안,KOSPI,943,8,.86,935,958,915,383057,357984482,31123777,29349721711
20250616,002100,KR7002100006,경농,KOSPI,10260,120,1.18,10100,10260,10000,122949,1248696945,19522575,200301619500
20250616,002140,KR7002140002,고려산업,KOSPI,3020,-95,-3.05,3185,3190,3015,1064668,3288724050,24939425,75317063500
20250616,002150,KR7002150001,도화엔지니어링,KOSPI,6840,0,0,6720,6940,6720,73566,502337490,33720000,230644800000
20250616,002170,KR7002170009,삼양통상,KOSPI,54500,300,.55,54000,54900,53600,859,46602300,3000000,163500000000
20250616,002200,KR7002200004,한국수출포장,KOSPI,3040,10,.33,3045,3045,3010,30102,91073974,40000000,121600000000
20250616,002210,KR7002210003,동성제약,KOSPI,2780,0,0,0,0,0,0,0,26619507,74002229460
20250616,002220,KR7002220002,한일철강,KOSPI,2720,150,5.84,2555,2745,2480,144534,381251028,26697460,72617091200
20250616,002230,KR7002230001,피에스텍,KOSDAQ,4185,-20,-.48,4165,4215,4160,14165,59293450,19273820,80660936700
20250616,002240,KR7002240000,고려제강,KOSPI,18190,-160,-.87,18120,18350,18090,19381,352350080,27000000,491130000000
20250616,002290,KR7002290005,삼일기업공사,KOSDAQ,3580,-40,-1.1,3620,3630,3515,147327,525467632,12400000,44392000000
20250616,002310,KR7002310001,아세아제지,KOSPI,8060,110,1.38,7920,8090,7760,115998,923889615,41632510,335558030600
20250616,002320,KR7002320000,한진,KOSPI,20250,150,.75,20100,20300,19860,25676,516296415,14947628,302689467000
20250616,002350,KR7002350007,넥센타이어,KOSPI,6330,170,2.76,6170,6380,6090,387205,2416725960,97667877,618237661410
20250616,002355,KR7002351005,넥센타이어1우B,KOSPI,3200,110,3.56,3110,3205,3065,23655,74378440,6500000,20800000000
20250616,002360,KR7002360006,SH에너지화학,KOSPI,494,-27,-5.18,536,565,483,6869871,3551174617,111133730,54900062620
20250616,002380,KR7002380004,KCC,KOSPI,318500,3500,1.11,314500,319000,309500,37297,11753733500,8886471,2830341013500
20250616,002390,KR7002390003,한독,KOSPI,11670,0,0,11660,12320,11580,20600,241314080,13763533,160620430110
20250616,002410,KR7002410009,범양건영,KOSPI,1935,0,0,0,0,0,0,0,27479820,53173451700
20250616,002420,KR7002420008,세기상사,KOSPI,5930,-90,-1.5,6040,6240,5650,31891,187485420,5969948,35401791640
20250616,002450,KR7002450005,삼익악기,KOSPI,1297,6,.46,1303,1303,1266,138734,178282796,90530915,117418596755
20250616,002460,KR7002460004,HS화성,KOSPI,10900,90,.83,10810,10900,10650,6987,75645630,10150000,110635000000
20250616,002600,KR7002600005,조흥,KOSPI,157700,100,.06,160500,160500,157700,14,2223300,600000,94620000000
20250616,002620,KR7002620003,제일파마홀딩스,KOSPI,8490,160,1.92,8300,8530,8100,19272,161833810,15973355,135613783950
20250616,002630,KR7002630002,오리엔트바이오,KOSPI,901,8,.9,893,910,852,2924166,2586904878,118583005,106843287505
20250616,002680,KR7002680007,한탑,KOSDAQ,807,-2,-.25,821,828,800,147684,119629978,32316799,26079656793
20250616,002690,KR7002690006,동일제강,KOSPI,1550,-54,-3.37,1604,1604,1533,20935,32601473,20300360,31465558000
20250616,002700,KR7002700003,신일전자,KOSPI,1482,-11,-.74,1484,1496,1470,456799,675231233,71047521,105292426122
20250616,002710,KR7002710002,TCC스틸,KOSPI,15780,-620,-3.78,16340,16380,15610,132873,2101814495,26213697,413652138660
20250616,002720,KR7002720001,국제약품,KOSPI,4765,0,0,4765,4785,4675,94291,444995336,21159832,100826599480
20250616,002760,KR7002760007,보락,KOSPI,1087,8,.74,1080,1099,1061,134976,145303253,59900000,65111300000
20250616,002780,KR7002780005,진흥기업,KOSPI,778,0,0,762,780,760,327882,252824801,145471745,113177017610
20250616,002785,KR7002781003,진흥기업우B,KOSPI,3670,10,.27,3725,3725,3545,1502,5427620,857218,3145990060
20250616,002787,KR7002782001,진흥기업2우B,KOSPI,7850,-20,-.25,7880,7880,7770,2613,20546780,294808,2314242800
20250616,002790,KR7002790004,아모레퍼시픽홀딩스,KOSPI,27900,0,0,28200,28400,27600,136306,3802054925,79458180,2216883222000
20250616,002795,KR7002791002,아모레퍼시픽홀딩스우,KOSPI,12080,320,2.72,11590,12140,11590,31858,379628560,6443770,77840741600
20250616,00279K,KR700279K010,아모레퍼시픽홀딩스3우C,KOSPI,21200,-150,-.7,21600,21600,20950,5298,111876550,7092200,150354640000
20250616,002800,KR7002800001,신신제약,KOSDAQ,5960,-60,-1,6000,6020,5860,112640,668182055,15170500,90416180000
20250616,002810,KR7002810000,삼영무역,KOSPI,15880,180,1.15,15700,15990,15570,19643,308816900,18466948,293255134240
20250616,002820,KR7002820009,SUN&L,KOSPI,2950,20,.68,2930,3000,2930,11408,33923360,12607989,37193567550
20250616,002840,KR7002840007,미원상사,KOSPI,179500,1600,.9,180200,180200,175900,1166,207094600,4750000,852625000000
20250616,002870,KR7002870004,신풍,KOSPI,1185,13,1.11,1172,1187,1145,118287,138090755,34958700,41426059500
20250616,002880,KR7002880003,대유에이텍,KOSPI,1031,39,3.93,999,1253,973,2578583,2858053278,46744020,48193084620
20250616,002900,KR7002900009,TYM,KOSPI,5140,100,1.98,4955,5180,4925,110644,560367895,45050956,231561913840
20250616,002920,KR7002920007,유성기업,KOSPI,2015,-5,-.25,2035,2045,1998,25944,52111579,25947500,52284212500
20250616,002960,KR7002960003,한국쉘석유,KOSPI,437000,7000,1.63,430000,441500,430000,2882,1262030500,1300000,568100000000
20250616,002990,KR7002990000,금호건설,KOSPI,3395,75,2.26,3310,3420,3285,77001,259125837,36996760,125604000200
20250616,002995,KR7002991008,금호건설우,KOSPI,11990,160,1.35,11830,12030,11830,1271,15172380,292266,3504269340
20250616,003000,KR7003000007,부광약품,KOSPI,3950,-50,-1.25,3935,3990,3905,82710,325616570,68454671,270395950450
20250616,003010,KR7003010006,혜인,KOSPI,5320,80,1.53,5220,5340,5120,175913,925676560,12712747,67631814040
20250616,003030,KR7003030004,세아제강지주,KOSPI,226500,3000,1.34,227000,227000,221000,7782,1748767750,4141657,938085310500
20250616,003060,KR7003060001,에이프로젠바이오로직스,KOSPI,654,-6,-.91,660,666,645,272922,178546853,198407845,129758730630
20250616,003070,KR7003070000,코오롱글로벌,KOSPI,9490,40,.42,9260,9600,9170,39763,375436110,18932713,179671446370
20250616,003075,KR7003071008,코오롱글로벌우,KOSPI,15500,-70,-.45,15640,15640,15050,2126,32821670,740737,11481423500
20250616,003080,KR7003080009,SB성보,KOSPI,2755,65,2.42,2705,2755,2700,66200,181223931,20020000,55155100000
20250616,003090,KR7003090008,대웅,KOSPI,26100,700,2.76,25700,26100,24900,90775,2332590475,58141980,1517505678000
20250616,003100,KR7003100005,선광,KOSDAQ,21850,550,2.58,21250,21850,20950,47513,1020796525,6600000,144210000000
20250616,003120,KR7003120003,일성아이에스,KOSPI,21900,-50,-.23,21900,22350,20500,27565,601052975,13300000,291270000000
20250616,003160,KR7003160009,디아이,KOSPI,16850,660,4.08,16020,16960,15810,424463,7014786480,28300000,476855000000
20250616,003200,KR7003200003,일신방직,KOSPI,10890,190,1.78,10700,11000,10590,48722,526651830,22960000,250034400000
20250616,003220,KR7003220001,대원제약,KOSPI,13610,-80,-.58,13690,13700,13510,35894,487150450,22427583,305239404630
20250616,003230,KR7003230000,삼양식품,KOSPI,1279000,83000,6.94,1219000,1283000,1213000,72350,90884389000,7533015,9634726185000
20250616,003240,KR7003240009,태광산업,KOSPI,1061000,38000,3.71,1024000,1061000,1006000,3048,3155228500,1113400,1181317400000
20250616,003280,KR7003280005,흥아해운,KOSPI,2140,-60,-2.73,2380,2385,2000,95957090,209278445126,240424899,514509283860
20250616,003300,KR7003300001,한일홀딩스,KOSPI,19000,1080,6.03,17920,19700,17920,52473,991462425,30832884,585824796000
20250616,003310,KR7003310000,대주산업,KOSDAQ,1896,39,2.1,1858,1906,1843,1005055,1888728785,35392350,67103895600
20250616,003350,KR7003350006,한국화장품제조,KOSPI,51600,-200,-.39,50800,52400,50500,42107,2175515600,4532000,233851200000
20250616,003380,KR7003380003,하림지주,KOSDAQ,9870,620,6.7,9240,9900,9240,1076333,10456632295,112005621,1105495479270
20250616,003460,KR7003460003,유화증권,KOSPI,2800,50,1.82,2730,2815,2720,45023,125671274,56702415,158766762000
20250616,003465,KR7003461001,유화증권우,KOSPI,2630,30,1.15,2665,2665,2630,431,1136740,17476425,45962997750
20250616,003470,KR7003470002,유안타증권,KOSPI,3520,25,.72,3450,3535,3440,609205,2132354320,199596576,702579947520
20250616,003475,KR7003471000,유안타증권우,KOSPI,3690,80,2.22,3555,3710,3555,64578,235231658,12912212,47646062280
20250616,003480,KR7003480001,한진중공업홀딩스,KOSPI,5440,110,2.06,5330,5450,5170,109408,585505995,29529812,160642177280
20250616,003490,KR7003490000,대한항공,KOSPI,21350,-100,-.47,21300,21450,21050,1455552,30870630325,368220661,7861511112350
20250616,003495,KR7003491008,대한항공우,KOSPI,22850,150,.66,22550,22950,22400,4505,101956625,1110794,25381642900
20250616,003520,KR7003520004,영진약품,KOSPI,2150,-25,-1.15,2165,2175,2120,290526,621689576,182892731,393219371650
20250616,003530,KR7003530003,한화투자증권,KOSPI,6210,200,3.33,5930,6250,5900,4018430,24632222550,214547775,1332341682750
20250616,003535,KR7003531001,한화투자증권우,KOSPI,9260,460,5.23,8570,9260,8570,88568,796248990,4800000,44448000000
20250616,003540,KR7003540002,대신증권,KOSPI,24800,150,.61,24350,25150,24350,343391,8488821850,50773400,1259180320000
20250616,003545,KR7003541000,대신증권우,KOSPI,19450,330,1.73,19000,19450,18950,139694,2691472435,26000000,505700000000
20250616,003547,KR7003542008,대신증권2우B,KOSPI,17990,350,1.98,17640,18040,17550,82606,1477357605,10000000,179900000000
20250616,003550,KR7003550001,LG,KOSPI,75600,800,1.07,74800,75800,73800,210903,15770448050,157251165,11888188074000
20250616,003555,KR7003551009,LG우,KOSPI,61800,800,1.31,61600,61800,60600,8322,510292400,3011199,186092098200
20250616,003560,KR7003560000,IHQ,KOSPI,10760,0,0,0,0,0,0,0,7083730,76220934800
20250616,003570,KR7003570009,SNT다이내믹스,KOSPI,56000,1300,2.38,55100,56600,54700,104265,5792036300,33252697,1862151032000
20250616,003580,KR7003580008,HLB글로벌,KOSPI,2970,-60,-1.98,2995,3085,2935,79049,233885660,50316578,149440236660
20250616,003610,KR7003610003,방림,KOSPI,4300,25,.58,4275,4300,4250,127322,546089500,40202158,172869279400
20250616,003620,KR7003620002,KG모빌리티,KOSPI,3345,-45,-1.33,3415,3415,3275,391547,1301869474,202374912,676944080640
20250616,003650,KR7003650009,미창석유,KOSPI,114000,100,.09,114100,116500,108100,2971,332933600,1739672,198322608000
20250616,003670,KR7003670007,포스코퓨처엠,KOSPI,118500,-4700,-3.81,122300,123500,118300,280423,33444384500,77463220,9179391570000
20250616,003680,KR7003680006,한성기업,KOSPI,5220,140,2.76,5060,5280,5050,40589,210420020,6209515,32413668300
20250616,003690,KR7003690005,코리안리,KOSPI,10150,210,2.11,9960,10180,9870,562075,5672130610,194821031,1977433464650
20250616,003720,KR7003720000,삼영,KOSPI,3860,50,1.31,3850,3870,3750,182246,695514322,34000000,131240000000
20250616,003780,KR7003780004,진양산업,KOSPI,5870,60,1.03,5800,5890,5720,175766,1019625890,13000000,76310000000
20250616,003800,KR7003800000,에이스침대,KOSDAQ,29600,850,2.96,28700,29900,28500,8772,255312750,11090000,328264000000
20250616,003830,KR7003830007,대한화섬,KOSPI,147400,100,.07,146100,148700,145700,117,17177400,1328000,195747200000
20250616,003850,KR7003850005,보령,KOSPI,8460,-50,-.59,8510,8530,8360,66738,562243560,85787207,725759771220
20250616,003920,KR7003920006,남양유업,KOSPI,69200,200,.29,69000,69400,68000,9461,650679300,6131346,424289143200
20250616,003925,KR7003921004,남양유업우,KOSPI,44650,250,.56,44350,44800,43050,8744,382533475,2000000,89300000000
20250616,003960,KR7003960002,사조대림,KOSPI,42450,950,2.29,40950,42550,40800,30792,1287894600,9164467,389031624150
20250616,004000,KR7004000006,롯데정밀화학,KOSPI,38200,50,.13,38300,38350,37300,34357,1298018075,25800000,985560000000
20250616,004020,KR7004020004,현대제철,KOSPI,29650,300,1.02,29100,29650,28800,348500,10224826275,133445785,3956667525250
20250616,004060,KR7004060000,SG세계물산,KOSPI,341,5,1.49,333,342,332,364123,123261237,202424960,69026911360
20250616,004080,KR7004080008,신흥,KOSPI,14600,40,.27,14560,14600,14500,2900,42200240,9500000,138700000000
20250616,004090,KR7004090007,한국석유,KOSPI,19490,2330,13.58,20550,21450,18580,3160068,62813090135,12694120,247408398800
20250616,004100,KR7004100004,태양금속,KOSPI,2730,45,1.68,2685,2755,2645,526485,1426062834,36700000,100191000000
20250616,004105,KR7004101002,태양금속우,KOSPI,3745,10,.27,3700,3855,3665,64607,244231206,3300000,12358500000
20250616,004140,KR7004140000,동방,KOSPI,2695,-20,-.74,2730,2730,2610,1216385,3227276703,47971766,129283909370
20250616,004150,KR7004150009,한솔홀딩스,KOSPI,3225,70,2.22,3155,3265,3110,296277,949168521,41026620,132310849500
20250616,004170,KR7004170007,신세계,KOSPI,170600,-900,-.52,173400,173400,169200,27338,4659467450,9645181,1645467878600
20250616,004250,KR7004250007,NPC,KOSPI,4575,5,.11,4570,4650,4555,25783,118129445,36720000,167994000000
20250616,004255,KR7004251005,NPC우,KOSPI,2625,5,.19,2620,2635,2580,23875,62282190,5280000,13860000000
20250616,004270,KR7004270005,남성,KOSPI,1107,16,1.47,1085,1107,1080,58378,63587408,36212160,40086861120
20250616,004310,KR7004310009,현대약품,KOSPI,3495,10,.29,3480,3505,3425,117013,405050630,32000000,111840000000
20250616,004360,KR7004360004,세방,KOSPI,15140,710,4.92,14310,15140,14190,113759,1693676785,19308690,292333566600
20250616,004365,KR7004361002,세방우,KOSPI,9740,570,6.22,9190,9770,8940,37152,351915870,3689250,35933295000
20250616,004370,KR7004370003,농심,KOSPI,396500,4500,1.15,389000,397000,389000,37998,14995135000,6082642,2411767553000
20250616,004380,KR7004380002,삼익THK,KOSPI,9960,0,0,0,0,0,0,0,21000000,209160000000
20250616,004410,KR7004410007,서울식품,KOSPI,160,-1,-.62,160,162,157,1955186,311585048,374755559,59960889440
20250616,004415,KR7004411005,서울식품우,KOSPI,1242,16,1.31,1230,1242,1230,8225,10149982,2224500,2762829000
20250616,004430,KR7004430005,송원산업,KOSPI,12570,250,2.03,12420,12570,12050,24086,300166755,24000000,301680000000
20250616,004440,KR7004440004,삼일씨엔에스,KOSPI,5260,190,3.75,5070,5280,5020,87431,452772340,12731947,66970041220
20250616,004450,KR7004450003,삼화왕관,KOSPI,36050,50,.14,36700,36700,35300,235,8401950,2154379,77665362950
20250616,004490,KR7004490009,세방전지,KOSPI,69700,1900,2.8,67700,70000,67400,33482,2303468800,14000000,975800000000
20250616,004540,KR7004540001,깨끗한나라,KOSPI,2140,-20,-.93,2190,2190,2105,121200,259261025,37240693,79695083020
20250616,004545,KR7004541009,깨끗한나라우,KOSPI,11980,100,.84,12100,12100,11750,1563,18418360,366160,4386596800
20250616,004560,KR7004560009,현대비앤지스틸,KOSPI,12420,-20,-.16,12480,12540,12200,40889,506530300,15078811,187278832620
20250616,004590,KR7004590006,한국가구,KOSDAQ,5270,110,2.13,5160,5320,5130,103933,544764650,15000000,79050000000
20250616,004650,KR7004650008,창해에탄올,KOSDAQ,9940,50,.51,9880,9950,9800,21746,215063965,9190885,91357396900
20250616,004690,KR7004690004,삼천리,KOSPI,141200,7000,5.22,134000,141200,133300,40105,5548678500,4055025,572569530000
20250616,004700,KR7004700001,조광피혁,KOSPI,62900,900,1.45,61100,62900,60100,6844,423103200,6649138,418230780200
20250616,004710,KR7004710000,한솔테크닉스,KOSPI,5300,100,1.92,5160,5400,5130,76411,400211640,32109878,170182353400
20250616,004720,KR7004720009,팜젠사이언스,KOSPI,4450,110,2.53,4345,4460,4300,85998,377572035,18201304,80995802800
20250616,004770,KR7004770004,써니전자,KOSPI,1682,-8,-.47,1676,1705,1662,320488,540556395,36702884,61734250888
20250616,004780,KR7004780003,대륙제관,KOSDAQ,3870,-15,-.39,3885,3895,3835,15155,58410320,15903199,61545380130
20250616,004800,KR7004800009,효성,KOSPI,67900,3300,5.11,63900,68500,63700,91825,6134705450,16740407,1136673635300
20250616,004830,KR7004830006,덕성,KOSPI,6210,-20,-.32,6170,6270,6130,216481,1337296730,15680000,97372800000
20250616,004835,KR7004831004,덕성우,KOSPI,8470,-60,-.7,8280,8530,8250,25752,214560590,1392000,11790240000
20250616,004840,KR7004840005,DRB동일,KOSPI,5120,130,2.61,4990,5190,4800,46910,235453120,19930000,102041600000
20250616,004870,KR7004870002,티웨이홀딩스,KOSPI,660,-10,-1.49,665,670,630,808407,528716700,113163494,74687906040
20250616,004890,KR7004890000,동일산업,KOSPI,46000,-750,-1.6,46350,46350,45900,926,42646150,2425215,111559890000
20250616,004910,KR7004910006,조광페인트,KOSPI,5580,10,.18,5570,5610,5500,37410,207791780,12800000,71424000000
20250616,004920,KR7004920005,씨아이테크,KOSPI,1360,-39,-2.79,1450,1461,1360,99448,137961952,50065793,68089478480
20250616,004960,KR7004960001,한신공영,KOSPI,8830,240,2.79,8590,8910,8480,46892,410700855,11570702,102169298660
20250616,004970,KR7004970000,신라교역,KOSPI,10050,200,2.03,9780,10070,9750,35722,354362380,16000000,160800000000
20250616,004980,KR7004980009,성신양회,KOSPI,9260,170,1.87,9050,9290,8990,179237,1642857985,24516073,227018835980
20250616,004985,KR7004981007,성신양회우,KOSPI,12240,170,1.41,11980,12250,11940,11951,144845720,735645,9004294800
20250616,004990,KR7004990008,롯데지주,KOSPI,29800,600,2.05,29000,30000,28850,558127,16419800575,104909237,3126295262600
20250616,00499K,KR700499K014,롯데지주우,KOSPI,35400,300,.85,35100,35400,33000,4936,169295350,805603,28518346200
20250616,005010,KR7005010004,휴스틸,KOSPI,5180,100,1.97,5040,5220,5010,902345,4654042875,56188075,291054228500
20250616,005030,KR7005030002,부산주공,KOSPI,486,0,0,0,0,0,0,0,78782988,38288532168
20250616,005070,KR7005070008,코스모신소재,KOSPI,32100,-1400,-4.18,33000,33400,31900,319825,10310125050,32510756,1043595267600
20250616,005090,KR7005090006,SGC에너지,KOSPI,24750,-250,-1,24850,25100,24450,28241,698957850,14409333,356630991750
20250616,005110,KR7005110002,한창,KOSPI,1254,0,0,0,0,0,0,0,18606407,23332434378
20250616,005160,KR7005160007,동국산업,KOSDAQ,3740,-95,-2.48,3820,3820,3705,114919,429455873,54244482,202874362680
20250616,005180,KR7005180005,빙그레,KOSPI,84600,700,.83,83700,85000,83400,50071,4218295950,9555703,808412473800
20250616,005250,KR7005250006,녹십자홀딩스,KOSPI,17000,470,2.84,16400,17040,16320,105263,1767104150,47028210,799479570000
20250616,005257,KR7005252002,녹십자홀딩스2우,KOSPI,44000,-7900,-15.22,48200,48200,44000,25745,1180279450,845990,37223560000
20250616,005290,KR7005290002,동진쎄미켐,KOSDAQ,29850,50,.17,29600,30000,29000,308208,9082604775,51414494,1534722645900
20250616,005300,KR7005300009,롯데칠성,KOSPI,119100,300,.25,119600,119600,116600,25464,3011698100,9278884,1105115084400
20250616,005305,KR7005301007,롯데칠성우,KOSPI,72600,1800,2.54,70800,73500,70200,3677,265505150,775310,56287506000
20250616,005320,KR7005320007,온타이드,KOSPI,504,10,2.02,500,505,495,144439,72159142,67522221,34031199384
20250616,005360,KR7005360003,모나미,KOSPI,2105,-40,-1.86,2145,2155,2090,32411,68422549,18897307,39778831235
20250616,005380,KR7005380001,현대차,KOSPI,201500,2500,1.26,198300,202000,196200,500547,99815975750,204757766,41258689849000
20250616,005385,KR7005381009,현대차우,KOSPI,155900,3700,2.43,152200,156200,151400,148365,22971768200,23340960,3638855664000
20250616,005387,KR7005382007,현대차2우B,KOSPI,157300,4000,2.61,153100,157600,152900,189542,29510627390,34963930,5499826189000
20250616,005389,KR7005383005,현대차3우B,KOSPI,155700,2500,1.63,152400,155900,151200,24908,3842492250,2327452,362384276400
20250616,005390,KR7005390000,신성통상,KOSPI,4075,0,0,4075,4080,4070,558039,2274465152,143708390,585611689250
20250616,005420,KR7005420005,코스모화학,KOSPI,13840,-170,-1.21,14050,14180,13350,124758,1711123485,38408228,531569875520
20250616,005430,KR7005430004,한국공항,KOSPI,54100,800,1.5,52800,55100,51900,12941,691493500,3166355,171299805500
20250616,005440,KR7005440003,현대지에프홀딩스,KOSPI,8290,600,7.8,7750,8350,7750,489547,3968437320,155904301,1292446655290
20250616,005490,KR7005490008,POSCO홀딩스,KOSPI,259000,-5000,-1.89,260500,261000,254000,262336,67287147750,80932952,20961634568000
20250616,005500,KR7005500004,삼진제약,KOSPI,19530,30,.15,19500,19690,19140,70316,1363492910,13900000,271467000000
20250616,005610,KR7005610001,SPC삼립,KOSPI,55200,-600,-1.08,55800,56200,54500,28819,1591373900,8629009,476321296800
20250616,005670,KR7005670005,푸드웰,KOSDAQ,5470,0,0,5470,5470,5370,14503,78627985,10000000,54700000000
20250616,005680,KR7005680004,삼영전자,KOSPI,11500,-30,-.26,11530,11550,11340,37604,430113400,20000000,230000000000
20250616,005690,KR7005690003,파미셀,KOSPI,11330,210,1.89,11170,11460,10650,463592,5194892780,60016964,679992202120
20250616,005710,KR7005710009,대원산업,KOSDAQ,9820,180,1.87,9610,9830,9450,55422,535094460,20037600,196769232000
20250616,005720,KR7005720008,넥센,KOSPI,6200,180,2.99,6020,6250,5910,83012,502337670,53543977,331972657400
20250616,005725,KR7005721006,넥센우,KOSPI,4100,100,2.5,4080,4100,4080,11267,46061125,3600600,14762460000
20250616,005740,KR7005740006,크라운해태홀딩스,KOSPI,8030,360,4.69,7660,8100,7510,154688,1218355110,14847347,119224196410
20250616,005745,KR7005741004,크라운해태홀딩스우,KOSPI,9710,160,1.68,9610,9920,9400,12535,121298320,600726,5833049460
20250616,005750,KR7005750005,대림바스,KOSPI,4080,10,.25,4070,4130,4030,16471,66928255,16672240,68022739200
20250616,005800,KR7005800008,신영와코루,KOSPI,12850,260,2.07,12590,12990,12400,17746,225961980,9000000,115650000000
20250616,005810,KR7005810007,풍산홀딩스,KOSPI,43150,-50,-.12,44500,44500,42200,371732,16056716800,14417292,622106149800
20250616,005820,KR7005820006,원림,KOSPI,16030,480,3.09,15600,16100,15440,5787,91848780,2297970,36836459100
20250616,005830,KR7005830005,DB손해보험,KOSPI,117400,4500,3.99,114400,117400,113300,183074,21263287950,70800000,8311920000000
20250616,005850,KR7005850003,에스엘,KOSPI,31250,200,.64,31100,31350,30300,120674,3727460400,46448520,1451516250000
20250616,005860,KR7005860002,한일사료,KOSDAQ,3950,40,1.02,4275,4275,3910,1886121,7722706193,39403685,155644555750
20250616,005870,KR7005870001,휴니드,KOSPI,10280,-870,-7.8,11210,11250,10100,2272651,23835948790,14116015,145112634200
20250616,005880,KR7005880000,대한해운,KOSPI,1745,-51,-2.84,1830,1835,1710,19756255,34598690169,322747340,563194108300
20250616,005930,KR7005930003,삼성전자,KOSPI,57200,-1100,-1.89,58000,58100,56900,22200872,1270631109015,5919637922,338603289138400
20250616,005935,KR7005931001,삼성전자우,KOSPI,46950,-550,-1.16,47450,47750,46800,1261279,59384021125,815974664,38310010474800
20250616,005940,KR7005940002,NH투자증권,KOSPI,18870,610,3.34,18200,18890,18190,880354,16425911285,324086305,6115508575350
20250616,005945,KR7005941000,NH투자증권우,KOSPI,16380,490,3.08,15800,16380,15750,182595,2940974920,18870968,309106455840
20250616,005950,KR7005950001,이수화학,KOSPI,5350,-70,-1.29,5430,5430,5300,32344,172480010,26294169,140673804150
20250616,005960,KR7005960000,동부건설,KOSPI,5420,100,1.88,5320,5420,5280,37646,201986330,22946663,124370913460
20250616,005965,KR7005961008,동부건설우,KOSPI,19800,-180,-.9,19750,19800,19750,231,4563860,225732,4469493600
20250616,005990,KR7005990007,매일홀딩스,KOSDAQ,11170,130,1.18,11040,11220,10500,12304,136046900,13718304,153233455680
20250616,006040,KR7006040000,동원산업,KOSPI,47400,1100,2.38,46100,47400,45500,47273,2205423650,39624084,1878181581600
20250616,006050,KR7006050009,국영지앤엠,KOSDAQ,1378,0,0,1378,1389,1352,244271,334866672,34895243,48085644854
20250616,006060,KR7006060008,화승인더,KOSPI,4755,100,2.15,4655,4780,4630,184176,867472877,55320000,263046600000
20250616,006090,KR7006090005,사조오양,KOSPI,9600,220,2.35,9380,9620,9350,11705,111605310,9422739,90458294400
20250616,006110,KR7006110001,삼아알미늄,KOSPI,18160,-690,-3.66,18670,18770,18130,85887,1564807245,14711916,267168394560
20250616,006120,KR7006120000,SK디스커버리,KOSPI,54200,2000,3.83,52200,54400,51900,65613,3495370700,18347855,994453741000
20250616,006125,KR7006121008,SK디스커버리우,KOSPI,41100,600,1.48,39800,41250,39750,6824,278901500,1312455,53941900500
20250616,006140,KR7006140008,피제이전자,KOSDAQ,6250,-50,-.79,6240,6380,6120,40961,256194040,15000000,93750000000
20250616,006200,KR7006200000,한국전자홀딩스,KOSPI,768,-11,-1.41,761,779,759,40305,31057222,46803136,35944808448
20250616,006220,KR7006220008,제주은행,KOSPI,10030,210,2.14,9860,10040,9770,127490,1267326140,37798557,379119526710
20250616,006260,KR7006260004,LS,KOSPI,183800,10900,6.3,171300,183800,170900,330285,59606625700,32200000,5918360000000
20250616,006280,KR7006280002,녹십자,KOSPI,131500,-1700,-1.28,131100,133500,129100,36553,4776588450,11686538,1536779747000
20250616,006340,KR7006340004,대원전선,KOSPI,3135,130,4.33,2975,3250,2970,7402545,23349917598,74979175,235059713625
20250616,006345,KR7006341002,대원전선우,KOSPI,4255,215,5.32,4030,4470,3975,236136,1011106210,2621200,11153206000
20250616,006360,KR7006360002,GS건설,KOSPI,23800,800,3.48,22900,23900,22850,596110,14007040525,85581490,2036839462000
20250616,006370,KR7006370001,대구백화점,KOSPI,7150,-430,-5.67,7380,7500,7070,86097,619438920,10821611,77374518650
20250616,006380,KR7006380000,카프로,KOSPI,3660,0,0,0,0,0,0,0,168999996,618539985360
20250616,006390,KR7006390009,한일현대시멘트,KOSPI,17920,150,.84,17760,18150,17340,149918,2649308480,19327672,346351882240
20250616,006400,KR7006400006,삼성SDI,KOSPI,168900,-3200,-1.86,170900,171200,165900,610282,102294283250,80585530,13610896017000
20250616,006405,KR7006401004,삼성SDI우,KOSPI,100600,-400,-.4,100100,100700,99400,10187,1017875550,1617896,162760337600
20250616,006490,KR7006490007,인스코비,KOSPI,1776,-14,-.78,1765,1847,1680,3517151,6211292389,121426522,215653503072
20250616,006570,KR7006570006,대림통상,KOSPI,2740,20,.74,2735,2740,2690,5800,15726270,15225000,41716500000
20250616,006620,KR7006620009,동구바이오제약,KOSDAQ,5580,50,.9,5530,5600,5450,48684,269312310,28464992,158834655360
20250616,006650,KR7006650006,대한유화,KOSPI,83000,-600,-.72,85200,85200,81600,25558,2109815350,6500000,539500000000
20250616,006660,KR7006660005,삼성공조,KOSPI,14630,-170,-1.15,14700,14710,14440,101040,1469842030,8126314,118887973820
20250616,006730,KR7006730006,서부T&D,KOSDAQ,8750,830,10.48,8240,8820,7830,1358900,11671179655,65926923,576860576250
20250616,006740,KR7006740005,영풍제지,KOSPI,1101,-6,-.54,1104,1110,1087,98661,108288828,55907218,61553847018
20250616,006800,KR7006800007,미래에셋증권,KOSPI,19870,810,4.25,19000,19870,18720,2925420,57059541440,570316408,11332187026960
20250616,006805,KR7006801005,미래에셋증권우,KOSPI,8770,560,6.82,8060,8800,8060,425503,3663145910,14075750,123444327500
20250616,00680K,KR700680K019,미래에셋증권2우B,KOSPI,8260,340,4.29,7870,8400,7800,2469719,20216870205,137500000,1135750000000
20250616,006840,KR7006840003,AK홀딩스,KOSPI,11930,480,4.19,11460,11930,11460,9341,109205610,13247561,158043402730
20250616,006880,KR7006880009,신송홀딩스,KOSPI,8220,20,.24,8400,8420,8140,292117,2418491555,11828858,97233212760
20250616,006890,KR7006890008,태경케미컬,KOSPI,11300,-90,-.79,11380,11390,11150,50949,572658435,11600000,131080000000
20250616,006910,KR7006910004,보성파워텍,KOSDAQ,3380,85,2.58,3250,3405,3210,1741940,5795784116,49129824,166058805120
20250616,006920,KR7006920003,모헨즈,KOSDAQ,3040,25,.83,2995,3070,2980,64019,194490171,10920000,33196800000
20250616,006980,KR7006980007,우성,KOSPI,17810,-220,-1.22,17960,18040,17500,4313,76281380,3090000,55032900000
20250616,007070,KR7007070006,GS리테일,KOSPI,16310,20,.12,16510,16590,16120,309265,5029173045,83607415,1363636938650
20250616,007110,KR7007110000,일신석재,KOSPI,2705,20,.74,2645,2730,2590,5120337,13681550965,77456610,209520130050
20250616,007120,KR7007120009,미래아이앤지,KOSPI,1019,-39,-3.69,1058,1079,1005,169521,173426705,28878608,29427301552
20250616,007160,KR7007160005,사조산업,KOSPI,67500,4500,7.14,62400,67500,61500,36374,2363861300,5000000,337500000000
20250616,007210,KR7007210008,벽산,KOSPI,2335,0,0,2345,2345,2270,101499,234771242,66860000,156118100000
20250616,007280,KR7007280001,한국특강,KOSPI,1588,-20,-1.24,1608,1625,1588,28146,45017753,60813311,96571537868
20250616,007310,KR7007310006,오뚜기,KOSPI,394000,-1000,-.25,396500,396500,390000,5280,2069420500,4007830,1579085020000
20250616,007330,KR7007330004,푸른저축은행,KOSDAQ,9370,140,1.52,9230,9450,9060,65580,611388150,15082800,141325836000
20250616,007340,KR7007340003,DN오토모티브,KOSPI,22550,950,4.4,22000,22600,21600,111309,2475405550,58510865,1319420005750
20250616,007370,KR7007370000,진양제약,KOSDAQ,6410,90,1.42,6300,6410,6200,75243,475459185,13039379,83582419390
20250616,007390,KR7007390008,네이처셀,KOSDAQ,28050,-800,-2.77,28550,29000,28000,373611,10622039600,64435056,1807403320800
20250616,007460,KR7007460009,에이프로젠,KOSPI,679,-9,-1.31,685,688,675,1460881,992155885,311826676,211730313004
20250616,007530,KR7007530009,와이엠,KOSDAQ,2370,65,2.82,2310,2370,2275,20423,47560523,22254231,52742527470
20250616,007540,KR7007540008,샘표,KOSPI,47450,1200,2.59,46250,47800,45600,6582,306915650,2875800,136456710000
20250616,007570,KR7007570005,일양약품,KOSPI,13720,950,7.44,12900,13770,12810,291189,3896726300,19085664,261855310080
20250616,007575,KR7007571003,일양약품우,KOSPI,14770,770,5.5,13990,14800,13990,2690,38693020,445080,6573831600
20250616,007590,KR7007590003,동방아그로,KOSPI,6260,-40,-.63,6290,6310,6250,6029,37878230,13617577,85246032020
20250616,007610,KR7007610009,선도전기,KOSPI,3000,0,0,0,0,0,0,0,18000000,54000000000
20250616,007660,KR7007660004,이수페타시스,KOSPI,44300,0,0,43500,44650,42050,1816661,78698686650,73409219,3252028401700
20250616,007680,KR7007680002,대원,KOSDAQ,4615,-90,-1.91,4705,4705,4595,4867,22500855,13446474,62055477510
20250616,007690,KR7007690001,국도화학,KOSPI,34800,250,.72,34700,35000,34100,5691,197277275,9260832,322276953600
20250616,007700,KR7007700008,F&F홀딩스,KOSPI,17390,90,.52,17300,17630,16660,58111,994850880,39114367,680198842130
20250616,007720,KR7007720006,소노스퀘어,KOSDAQ,911,1,.11,910,916,890,306649,277718886,100800450,91829209950
20250616,007770,KR7007770001,한일화학,KOSDAQ,9860,-40,-.4,9900,9900,9740,2068,20277460,3510000,34608600000
20250616,007810,KR7007810005,코리아써키트,KOSPI,10800,-110,-1.01,10630,10840,10560,44815,478288600,23620751,255104110800
20250616,007815,KR7007811003,코리아써우,KOSPI,5900,20,.34,5770,5900,5640,180,1050010,2964690,17491671000
20250616,00781K,KR700781K015,코리아써키트2우B,KOSPI,5400,0,0,5400,5400,5400,103,556200,783699,4231974600
20250616,007820,KR7007820004,에스엠코어,KOSDAQ,3720,-30,-.8,3760,3780,3670,101480,377015340,20033946,74526279120
20250616,007860,KR7007860000,서연,KOSPI,10810,1240,12.96,9530,10950,9430,996343,10388481750,23479844,253817113640
20250616,007980,KR7007980006,TP,KOSPI,1542,-5,-.32,1546,1560,1521,597288,918071333,51175130,78912050460
20250616,008040,KR7008040008,사조동아원,KOSPI,1195,11,.93,1193,1217,1167,1766947,2098766455,141144600,168667797000
20250616,008060,KR7008060006,대덕,KOSPI,7850,70,.9,7720,7890,7680,121617,947843170,33890150,266037677500
20250616,00806K,KR700806K010,대덕1우,KOSPI,8380,40,.48,8340,8430,8110,993,8218620,1212357,10159551660
20250616,008110,KR7008110009,대동전자,KOSPI,15040,0,0,0,0,0,0,0,10490447,157776322880
20250616,008250,KR7008250003,이건산업,KOSPI,5570,-10,-.18,5580,5610,5520,33054,184143780,10952635,61006176950
20250616,008260,KR7008260002,NI스틸,KOSPI,3865,80,2.11,3785,3865,3730,46766,177637923,28600117,110539452205
20250616,008290,KR7008290009,원풍물산,KOSDAQ,502,-13,-2.52,520,525,501,52085,26514073,40693679,20428226858
20250616,008350,KR7008350001,남선알미늄,KOSPI,1238,-12,-.96,1250,1255,1231,600513,744427110,129079090,159799913420
20250616,008355,KR7008351009,남선알미우,KOSPI,12890,-120,-.92,13240,13240,12750,1086,13935760,307890,3968702100
20250616,008370,KR7008370009,원풍,KOSDAQ,4375,5,.11,4370,4400,4355,8336,36382612,12000000,52500000000
20250616,008420,KR7008420002,문배철강,KOSPI,2360,35,1.51,2340,2360,2310,37335,87170979,20503505,48388271800
20250616,008470,KR7008470007,부스타,KOSDAQ,3875,5,.13,3870,3915,3830,13090,50729497,8404800,32568600000
20250616,008490,KR7008490005,서흥,KOSPI,19100,630,3.41,18480,19160,18100,47798,892443970,11569113,220970058300
20250616,008500,KR7008500001,일정실업,KOSPI,14160,320,2.31,13820,14300,12770,21160,285398310,1200000,16992000000
20250616,008600,KR7008600009,윌비스,KOSPI,462,-14,-2.94,467,476,457,473676,220911306,67236039,31063050018
20250616,008700,KR7008700007,아남전자,KOSPI,1473,-2,-.14,1476,1482,1444,340277,499476475,77124820,113604859860
20250616,008730,KR7008730004,율촌화학,KOSPI,31250,850,2.8,30150,31550,29900,84981,2627522375,24800000,775000000000
20250616,008770,KR7008770000,호텔신라,KOSPI,50200,200,.4,50200,50600,49500,116563,5848674125,39248121,1970255674200
20250616,008775,KR7008771008,호텔신라우,KOSPI,46100,150,.33,44700,46450,44000,9409,423101950,751879,34661621900
20250616,008830,KR7008830002,대동기어,KOSDAQ,18810,1110,6.27,17320,20050,17290,1173620,22492432780,8987520,169055251200
20250616,008870,KR7008870008,금비,KOSPI,59300,200,.34,59100,59400,57800,2095,123235100,1000000,59300000000
20250616,008930,KR7008930000,한미사이언스,KOSPI,37800,100,.27,37900,37900,35050,299339,10976661975,68391550,2585200590000
20250616,008970,KR7008970006,동양철관,KOSPI,1609,150,10.28,1472,1650,1454,83838419,133293469762,159323019,256350737571
20250616,009070,KR7009070004,KCTC,KOSPI,4120,-20,-.48,4175,4175,4020,134091,549154150,30000000,123600000000
20250616,009140,KR7009140005,경인전자,KOSPI,20500,200,.99,20400,20550,20100,952,19346000,1570797,32201338500
20250616,009150,KR7009150004,삼성전기,KOSPI,126900,-500,-.39,127200,127300,124000,315381,39649819450,74693696,9478630022400
20250616,009155,KR7009151002,삼성전기우,KOSPI,58700,400,.69,58500,58800,57400,15514,901358350,2906984,170639960800
20250616,009160,KR7009160003,SIMPAC,KOSPI,5020,40,.8,4985,5050,4940,94724,472745855,65429516,328456170320
20250616,009180,KR7009180001,한솔로지스틱스,KOSPI,2320,-15,-.64,2360,2360,2300,86076,199531275,28155825,65321514000
20250616,009190,KR7009190000,대양금속,KOSPI,1744,19,1.1,1760,1760,1708,187220,324096761,43192625,75327938000
20250616,009200,KR7009200007,무림페이퍼,KOSPI,2170,15,.7,2155,2185,2135,112382,242882038,41609310,90292202700
20250616,009240,KR7009240003,한샘,KOSPI,44550,-100,-.22,44700,45200,43900,28026,1243569050,23533928,1048436492400
20250616,009270,KR7009270000,신원,KOSPI,1839,-25,-1.34,1849,1867,1794,3525987,6460811922,104891065,192894668535
20250616,009290,KR7009290008,광동제약,KOSPI,5780,40,.7,5730,5810,5700,14274,82175775,52420851,302992518780
20250616,009300,KR7009300005,삼아제약,KOSDAQ,17540,-180,-1.02,17680,17760,17480,6082,106847440,6370000,111729800000
20250616,009310,KR7009310004,참엔지니어링,KOSPI,1328,-46,-3.35,1415,1415,1325,53534,73311304,16973483,22540785424
20250616,009320,KR7009320003,아진전자부품,KOSPI,1029,-11,-1.06,1053,1053,1020,48133,49594562,49299770,50729463330
20250616,009410,KR7009410002,태영건설,KOSPI,3120,45,1.46,3100,3150,3020,126132,389058334,294467874,918739766880
20250616,009415,KR7009411000,태영건설우,KOSPI,5710,60,1.06,5640,5840,5600,2324,13333380,649974,3711351540
20250616,009420,KR7009420001,한올바이오파마,KOSPI,26050,-200,-.76,26000,26750,25600,153589,3976604175,52240638,1360868619900
20250616,009440,KR7009440009,KC그린홀딩스,KOSPI,756,0,0,0,0,0,0,0,23239141,17568790596
20250616,009450,KR7009450008,경동나비엔,KOSPI,71900,1300,1.84,70800,72200,70500,26510,1895257250,14568592,1047481764800
20250616,009460,KR7009460007,한창제지,KOSPI,746,1,.13,733,749,733,124781,92431188,59667486,44511944556
20250616,009470,KR7009470006,삼화전기,KOSPI,28050,450,1.63,27550,28100,26850,53041,1450052950,6613820,185517651000
20250616,009520,KR7009520008,포스코엠텍,KOSDAQ,11350,-290,-2.49,11590,11600,11180,114240,1285588855,41642703,472644679050
20250616,009540,KR7009540006,HD한국조선해양,KOSPI,367500,17000,4.85,350500,367500,350500,330295,119181143750,70773116,26009120130000
20250616,009580,KR7009580002,무림P&P,KOSPI,2885,25,.87,2900,2915,2840,115126,331990335,62368324,179932614740
20250616,009620,KR7009620006,삼보산업,KOSDAQ,1440,-70,-4.64,1489,1489,1390,588966,835633273,16386091,23595971040
20250616,009680,KR7009680000,모토닉,KOSPI,10750,150,1.42,10500,10750,10420,111986,1187029635,28050000,301537500000
20250616,009730,KR7009730003,이렘,KOSDAQ,869,-17,-1.92,886,890,851,415251,361822326,60940960,52957694240
20250616,009770,KR7009770009,삼정펄프,KOSPI,30150,0,0,30150,30700,29600,9313,280644950,2499971,75374125650
20250616,009780,KR7009780008,엠에스씨,KOSDAQ,10260,1570,18.07,8690,10430,8660,1839519,18273655435,17600000,180576000000
20250616,009810,KR7009810003,플레이그램,KOSPI,368,3,.82,365,379,359,755434,280347532,151887500,55894600000
20250616,009830,KR7009830001,한화솔루션,KOSPI,36450,1050,2.97,36150,36500,35300,2571851,92650533050,171892536,6265482937200
20250616,009835,KR7009831009,한화솔루션우,KOSPI,29750,750,2.59,29700,30000,29200,31563,935088375,2575349,76616632750
20250616,009900,KR7009900002,명신산업,KOSPI,8200,-10,-.12,8170,8240,8020,166617,1351988190,52470133,430255090600
20250616,009970,KR7009970005,영원무역홀딩스,KOSPI,136700,5000,3.8,133000,137500,128200,26757,3564797200,13499237,1845345697900
20250616,010040,KR7010040004,한국내화,KOSPI,2440,25,1.04,2435,2455,2365,48917,117589319,41067062,100203631280
20250616,010060,KR7010060002,OCI홀딩스,KOSPI,78700,1200,1.55,77800,78800,74800,97778,7540946750,18814917,1480733967900
20250616,010100,KR7010100006,한국무브넥스,KOSPI,4510,150,3.44,4310,4530,4280,303192,1348605885,30450420,137331394200
20250616,010120,KR7010120004,LS ELECTRIC,KOSPI,286000,28000,10.85,260000,286500,259500,360428,99396833000,30000000,8580000000000
20250616,010130,KR7010130003,고려아연,KOSPI,794000,6000,.76,796000,797000,764000,22924,17947277000,20703283,16438406702000
20250616,010140,KR7010140002,삼성중공업,KOSPI,18070,380,2.15,17630,18090,17500,7131780,127784897465,880000000,15901600000000
20250616,010170,KR7010170009,대한광통신,KOSDAQ,765,45,6.25,720,785,715,1104538,840549625,109511166,83776041990
20250616,010240,KR7010240000,흥국,KOSDAQ,5410,30,.56,5440,5440,5320,12830,68816640,12322696,66665785360
20250616,010280,KR7010280006,아이티센엔텍,KOSDAQ,1268,229,22.04,1065,1350,1053,26046119,33482610284,65123786,82576960648
20250616,010400,KR7010400000,우진아이엔에스,KOSPI,2870,85,3.05,2790,2910,2790,3184,8983357,7622000,21875140000
20250616,010420,KR7010420008,한솔PNS,KOSPI,1871,1,.05,1870,1876,1870,101525,189878076,20493012,38342425452
20250616,010470,KR7010470003,오리콤,KOSDAQ,6270,0,0,6270,6300,6160,28644,178356245,11975050,75083563500
20250616,010580,KR7010580009,에스엠벡셀,KOSPI,1725,54,3.23,1763,1985,1700,15224981,28187113697,111251760,191909286000
20250616,010600,KR7010600005,웰바이오텍,KOSPI,545,0,0,0,0,0,0,0,90923407,49553256815
20250616,010620,KR7010620003,HD현대미포,KOSPI,188400,4400,2.39,183900,190600,183600,457624,85461932700,39942149,7525100871600
20250616,010640,KR7010640001,진양폴리,KOSPI,4030,10,.25,3990,4045,3990,47952,192574380,10000000,40300000000
20250616,010660,KR7010660009,화천기계,KOSPI,5100,40,.79,5060,5200,4930,339969,1714757885,22000000,112200000000
20250616,010690,KR7010690006,화신,KOSPI,8550,210,2.52,8210,8600,8100,139626,1167380260,34920410,298569505500
20250616,010770,KR7010770006,평화홀딩스,KOSPI,4745,-25,-.52,4740,4845,4540,393841,1855860555,14625466,69397836170
20250616,010780,KR7010780005,아이에스동서,KOSPI,23000,-250,-1.08,22750,23300,22550,47101,1086084850,30186976,694300448000
20250616,010820,KR7010820009,퍼스텍,KOSPI,4140,-160,-3.72,4440,4440,4055,3184057,13289885822,48771938,201915823320
20250616,010950,KR7010950004,S-Oil,KOSPI,63700,0,0,65600,65700,62000,799767,50602563450,112582792,7171523850400
20250616,010955,KR7010951002,S-Oil우,KOSPI,41300,0,0,42150,42150,40600,28756,1181302100,4021927,166105585100
20250616,010960,KR7010960003,삼호개발,KOSPI,3635,40,1.11,3555,3645,3555,101367,364976508,25000000,90875000000
20250616,011000,KR7011000007,진원생명과학,KOSPI,2590,-140,-5.13,2730,2735,2545,1299964,3369033440,84917083,219935244970
20250616,011040,KR7011040003,경동제약,KOSDAQ,5930,-10,-.17,5940,6000,5900,28034,166573565,30768766,182458782380
20250616,011070,KR7011070000,LG이노텍,KOSPI,143400,-900,-.62,145100,145100,140100,159448,22630584700,23667107,3393863143800
20250616,011080,KR7011080009,형지I&C,KOSDAQ,976,25,2.63,950,992,925,2932614,2835275175,42313608,41298081408
20250616,011090,KR7011090008,에넥스,KOSPI,642,-16,-2.43,657,661,638,293843,190154964,59991641,38514633522
20250616,011150,KR7011150000,CJ씨푸드,KOSPI,3020,30,1,2985,3040,2945,275787,826445601,35930773,108510934460
20250616,011155,KR7011151008,CJ씨푸드1우,KOSPI,17920,10,.06,17910,18000,17910,756,13534500,200000,3584000000
20250616,011170,KR7011170008,롯데케미칼,KOSPI,64900,400,.62,64300,65300,63100,94211,6074694100,42775419,2776124693100
20250616,011200,KR7011200003,HMM,KOSPI,24300,100,.41,25000,25350,23550,5246933,127182817550,1025039496,24908459752800
20250616,011210,KR7011210002,현대위아,KOSPI,46000,700,1.55,46050,46200,44600,72916,3334271275,27195083,1250973818000
20250616,011230,KR7011230000,삼화전자,KOSPI,4590,10,.22,4580,4670,4355,206409,937405705,16902700,77583393000
20250616,011280,KR7011280005,태림포장,KOSPI,2205,0,0,2175,2205,2150,85047,184431740,70805940,156127097700
20250616,011300,KR7011300001,성안머티리얼스,KOSPI,489,7,1.45,482,498,460,424762,203765040,155617675,76097043075
20250616,011320,KR7011320009,유니크,KOSDAQ,3910,15,.39,3895,3910,3800,53607,207004710,19320695,75543917450
20250616,011330,KR7011330008,유니켐,KOSPI,1467,-26,-1.74,1493,1536,1395,290397,423148810,97279846,142709534082
20250616,011370,KR7011370004,서한,KOSDAQ,911,6,.66,911,917,899,125234,113506121,100894865,91915222015
20250616,011390,KR7011390002,부산산업,KOSPI,111700,-1100,-.98,110100,113000,103300,29371,3203133200,1056000,117955200000
20250616,011420,KR7011420007,갤럭시아에스엠,KOSPI,2690,110,4.26,2605,2740,2570,2419291,6453447176,27549644,74108542360
20250616,011500,KR7011500006,한농화성,KOSPI,14770,-40,-.27,14800,14830,14560,69231,1017779555,15637042,230959110340
20250616,011560,KR7011560000,세보엠이씨,KOSDAQ,11890,410,3.57,11480,11900,11210,48995,567215840,10530000,125201700000
20250616,011690,KR7011690005,와이투솔루션,KOSPI,3045,35,1.16,2980,3077,2950,378693,1147633483,36574394,111369029730
20250616,011700,KR7011700002,한신기계,KOSPI,3835,160,4.35,3705,3895,3605,2396922,9037632600,32446151,124430989085
20250616,011760,KR7011760006,현대코퍼레이션,KOSPI,28250,900,3.29,27000,28450,26650,115420,3158646050,13228966,373718289500
